{
    "celo-dollar": [
        [
            1652717562966,
            0.986556038668566
        ],
        [
            1652721154201,
            0.9948989199879957
        ],
        [
            1652724766667,
            0.9920470107213094
        ],
        [
            1652728381856,
            0.9915733534992258
        ],
        [
            1652731990163,
            0.9889783503162918
        ],
        [
            1652735565564,
            0.9936811973702204
        ],
        [
            1652739157237,
            0.9910917847222612
        ],
        [
            1652742762430,
            0.9859402630142448
        ],
        [
            1652746375533,
            0.987484964580202
        ],
        [
            1652749942150,
            0.9899220880761364
        ],
        [
            1652753563411,
            0.9897488647092917
        ],
        [
            1652757133169,
            0.9892739617924495
        ],
        [
            1652760752762,
            0.9882871369303247
        ],
        [
            1652764366205,
            0.9933388910119291
        ],
        [
            1652767959449,
            0.9889534662545998
        ],
        [
            1652771553121,
            0.988252566224444
        ],
        [
            1652775362562,
            0.9884614292131156
        ],
        [
            1652779027707,
            0.9871697423174681
        ],
        [
            1652782364696,
            0.9874320024862948
        ],
        [
            1652785942782,
            0.9870354856199097
        ],
        [
            1652789579719,
            0.9880560637914627
        ],
        [
            1652793143970,
            0.9878864996195991
        ],
        [
            1652796750992,
            0.9862503576010963
        ],
        [
            1652800361747,
            0.9857105367168673
        ]
    ],
    "celo-euro": [
        [
            1652717557797,
            1.0402920771553275
        ],
        [
            1652721148607,
            1.0433817170008095
        ],
        [
            1652724760608,
            1.0435595036951228
        ],
        [
            1652728376107,
            1.043604617560102
        ],
        [
            1652731983289,
            1.040194391944816
        ],
        [
            1652735561298,
            1.0480470921040794
        ],
        [
            1652739152998,
            1.0413678652962808
        ],
        [
            1652742756825,
            1.0431162317087268
        ],
        [
            1652746369400,
            1.0437195166593738
        ],
        [
            1652749936196,
            1.0433346940404604
        ],
        [
            1652753558639,
            1.044371895715462
        ],
        [
            1652757127100,
            1.04296112806296
        ],
        [
            1652760747871,
            1.0506215711546496
        ],
        [
            1652764361586,
            1.0508090126969363
        ],
        [
            1652767953273,
            1.0438761832645298
        ],
        [
            1652771546885,
            1.051361905670464
        ],
        [
            1652775354707,
            1.0449567123592716
        ],
        [
            1652779023670,
            1.0466103680777397
        ],
        [
            1652782358639,
            1.0461799756727228
        ],
        [
            1652785937697,
            1.052236028336164
        ],
        [
            1652789573633,
            1.0539896086884502
        ],
        [
            1652793138691,
            1.0535865947234846
        ],
        [
            1652796746393,
            1.0501154748034025
        ],
        [
            1652800355525,
            1.0542500402605246
        ]
    ],
    "tether-eurt": [
        [
            1652717557797,
            1.0402920771553275
        ],
        [
            1652721148607,
            1.0433817170008095
        ],
        [
            1652724760608,
            1.0435595036951228
        ],
        [
            1652728376107,
            1.043604617560102
        ],
        [
            1652731983289,
            1.040194391944816
        ],
        [
            1652735561298,
            1.0480470921040794
        ],
        [
            1652739152998,
            1.0413678652962808
        ],
        [
            1652742756825,
            1.0431162317087268
        ],
        [
            1652746369400,
            1.0437195166593738
        ],
        [
            1652749936196,
            1.0433346940404604
        ],
        [
            1652753558639,
            1.044371895715462
        ],
        [
            1652757127100,
            1.04296112806296
        ],
        [
            1652760747871,
            1.0506215711546496
        ],
        [
            1652764361586,
            1.0508090126969363
        ],
        [
            1652767953273,
            1.0438761832645298
        ],
        [
            1652771546885,
            1.051361905670464
        ],
        [
            1652775354707,
            1.0449567123592716
        ],
        [
            1652779023670,
            1.0466103680777397
        ],
        [
            1652782358639,
            1.0461799756727228
        ],
        [
            1652785937697,
            1.052236028336164
        ],
        [
            1652789573633,
            1.0539896086884502
        ],
        [
            1652793138691,
            1.0535865947234846
        ],
        [
            1652796746393,
            1.0501154748034025
        ],
        [
            1652800355525,
            1.0542500402605246
        ]
    ]
}