{
    "celo-dollar": [
        [
            1652890391239,
            0.985615275218486
        ],
        [
            1652893968051,
            0.9880280426588418
        ],
        [
            1652897568142,
            0.9869688543863455
        ],
        [
            1652901151813,
            0.9833192543276388
        ],
        [
            1652904769147,
            0.9853305960177127
        ],
        [
            1652908383971,
            0.9874356252576486
        ],
        [
            1652911939600,
            0.9857670779575515
        ],
        [
            1652915560890,
            0.9855008558371027
        ],
        [
            1652919171851,
            0.9869474857941246
        ],
        [
            1652922747493,
            0.9863972600373445
        ],
        [
            1652926369788,
            0.9848165289801355
        ],
        [
            1652929954870,
            0.9888236832983972
        ],
        [
            1652933555229,
            0.9891352503546771
        ],
        [
            1652937196539,
            0.9889148150375433
        ],
        [
            1652940796753,
            0.9880497500872415
        ],
        [
            1652944367149,
            0.9879844535225997
        ],
        [
            1652947997361,
            0.9871263646259315
        ],
        [
            1652951613832,
            0.9909663170959394
        ],
        [
            1652955712846,
            0.9886482881223183
        ],
        [
            1652958801808,
            0.9883991535133866
        ],
        [
            1652962432773,
            0.9885674904579863
        ],
        [
            1652965974061,
            0.9890788043301678
        ],
        [
            1652969678537,
            0.9882625769670619
        ],
        [
            1652973343291,
            0.9922174442301915
        ]
    ],
    "celo-euro": [
        [
            1652890383896,
            1.0482965564673068
        ],
        [
            1652893962195,
            1.0473054138935174
        ],
        [
            1652897560556,
            1.04556044975386
        ],
        [
            1652901146068,
            1.0439662164584025
        ],
        [
            1652904762440,
            1.0518586969901673
        ],
        [
            1652908378695,
            1.0444150312087044
        ],
        [
            1652911933464,
            1.044508393328257
        ],
        [
            1652915554872,
            1.0453349380398835
        ],
        [
            1652919166418,
            1.0469245443255513
        ],
        [
            1652922741655,
            1.0466908305457239
        ],
        [
            1652926364507,
            1.0427878645247086
        ],
        [
            1652929948466,
            1.0468300105119535
        ],
        [
            1652933549599,
            1.046297101602461
        ],
        [
            1652937190042,
            1.046553125869709
        ],
        [
            1652940789514,
            1.0467986900133583
        ],
        [
            1652944362927,
            1.0438662617640715
        ],
        [
            1652947990621,
            1.0455957674015053
        ],
        [
            1652951608733,
            1.046822242160572
        ],
        [
            1652955707649,
            1.048617744319935
        ],
        [
            1652958797106,
            1.0532033068635829
        ],
        [
            1652962427520,
            1.0497968350656688
        ],
        [
            1652965968991,
            1.048955484740328
        ],
        [
            1652969674154,
            1.053084562103424
        ],
        [
            1652973334588,
            1.051406869488983
        ]
    ],
    "tether-eurt": [
        [
            1652890383896,
            1.0482965564673068
        ],
        [
            1652893962195,
            1.0473054138935174
        ],
        [
            1652897560556,
            1.04556044975386
        ],
        [
            1652901146068,
            1.0439662164584025
        ],
        [
            1652904762440,
            1.0518586969901673
        ],
        [
            1652908378695,
            1.0444150312087044
        ],
        [
            1652911933464,
            1.044508393328257
        ],
        [
            1652915554872,
            1.0453349380398835
        ],
        [
            1652919166418,
            1.0469245443255513
        ],
        [
            1652922741655,
            1.0466908305457239
        ],
        [
            1652926364507,
            1.0427878645247086
        ],
        [
            1652929948466,
            1.0468300105119535
        ],
        [
            1652933549599,
            1.046297101602461
        ],
        [
            1652937190042,
            1.046553125869709
        ],
        [
            1652940789514,
            1.0467986900133583
        ],
        [
            1652944362927,
            1.0438662617640715
        ],
        [
            1652947990621,
            1.0455957674015053
        ],
        [
            1652951608733,
            1.046822242160572
        ],
        [
            1652955707649,
            1.048617744319935
        ],
        [
            1652958797106,
            1.0532033068635829
        ],
        [
            1652962427520,
            1.0497968350656688
        ],
        [
            1652965968991,
            1.048955484740328
        ],
        [
            1652969674154,
            1.053084562103424
        ],
        [
            1652973334588,
            1.051406869488983
        ]
    ]
}