{
    "celo-dollar": [
        [
            1652461994073,
            0.9935652121741904
        ],
        [
            1652465622485,
            0.995296874571838
        ],
        [
            1652469190411,
            0.9987093433832757
        ],
        [
            1652472784601,
            0.9973442440475745
        ],
        [
            1652476354328,
            0.9943778362882484
        ],
        [
            1652479964549,
            0.9959283747821857
        ],
        [
            1652483559456,
            0.99457072594755
        ],
        [
            1652487189791,
            0.9916156194023413
        ],
        [
            1652490787558,
            0.9918449463735248
        ],
        [
            1652494371674,
            0.9930182119621356
        ],
        [
            1652497960121,
            0.9915495529877822
        ],
        [
            1652501568759,
            0.9918873593923166
        ],
        [
            1652505186636,
            0.9894488931891331
        ],
        [
            1652508772655,
            0.9908409138701523
        ],
        [
            1652512364061,
            0.9912693738975128
        ],
        [
            1652515955347,
            0.9885340503187701
        ],
        [
            1652519687459,
            0.9910555266474894
        ],
        [
            1652523189068,
            0.9782038310211342
        ],
        [
            1652526755798,
            0.9798972447810689
        ],
        [
            1652530375685,
            0.9880415326701787
        ],
        [
            1652533968195,
            0.9875511568981388
        ],
        [
            1652537560028,
            0.9852963021223414
        ],
        [
            1652541186130,
            0.9869479331361272
        ],
        [
            1652544747070,
            0.9856704855569807
        ]
    ],
    "celo-euro": [
        [
            1652461986153,
            1.0419946749871674
        ],
        [
            1652465618062,
            1.0386518758011234
        ],
        [
            1652469185800,
            1.0449301679230336
        ],
        [
            1652472778576,
            1.0378921819136433
        ],
        [
            1652476349414,
            1.0422655866956814
        ],
        [
            1652479958395,
            1.0397296080313065
        ],
        [
            1652483553045,
            1.0347115784231973
        ],
        [
            1652487182951,
            1.0423953194994084
        ],
        [
            1652490781359,
            1.0427703354164186
        ],
        [
            1652494367492,
            1.0378302233047063
        ],
        [
            1652497954397,
            1.0357685602542779
        ],
        [
            1652501563818,
            1.0376094549226182
        ],
        [
            1652505180125,
            1.0417625783657367
        ],
        [
            1652508766189,
            1.0365963108687806
        ],
        [
            1652512355977,
            1.037607490052856
        ],
        [
            1652515951217,
            1.040153786794482
        ],
        [
            1652519680960,
            1.041627460217459
        ],
        [
            1652523183133,
            1.0357113707894579
        ],
        [
            1652526749108,
            1.0404137030804668
        ],
        [
            1652530371219,
            1.0460488479085785
        ],
        [
            1652533962302,
            1.0357208602870243
        ],
        [
            1652537553353,
            1.0387525640040907
        ],
        [
            1652541179797,
            1.0434469443611452
        ],
        [
            1652544740761,
            1.042785081683245
        ]
    ],
    "tether-eurt": [
        [
            1652461986153,
            1.0419946749871674
        ],
        [
            1652465618062,
            1.0386518758011234
        ],
        [
            1652469185800,
            1.0449301679230336
        ],
        [
            1652472778576,
            1.0378921819136433
        ],
        [
            1652476349414,
            1.0422655866956814
        ],
        [
            1652479958395,
            1.0397296080313065
        ],
        [
            1652483553045,
            1.0347115784231973
        ],
        [
            1652487182951,
            1.0423953194994084
        ],
        [
            1652490781359,
            1.0427703354164186
        ],
        [
            1652494367492,
            1.0378302233047063
        ],
        [
            1652497954397,
            1.0357685602542779
        ],
        [
            1652501563818,
            1.0376094549226182
        ],
        [
            1652505180125,
            1.0417625783657367
        ],
        [
            1652508766189,
            1.0365963108687806
        ],
        [
            1652512355977,
            1.037607490052856
        ],
        [
            1652515951217,
            1.040153786794482
        ],
        [
            1652519680960,
            1.041627460217459
        ],
        [
            1652523183133,
            1.0357113707894579
        ],
        [
            1652526749108,
            1.0404137030804668
        ],
        [
            1652530371219,
            1.0460488479085785
        ],
        [
            1652533962302,
            1.0357208602870243
        ],
        [
            1652537553353,
            1.0387525640040907
        ],
        [
            1652541179797,
            1.0434469443611452
        ],
        [
            1652544740761,
            1.042785081683245
        ]
    ]
}