{
    "celo-dollar": [
        [
            1652803966159,
            0.9858487665035638
        ],
        [
            1652807548831,
            0.9860100509207217
        ],
        [
            1652811158724,
            0.9860627614767135
        ],
        [
            1652814767711,
            0.9871058017206132
        ],
        [
            1652818378745,
            0.9855659243645508
        ],
        [
            1652821969475,
            0.9881871167189569
        ],
        [
            1652825539492,
            0.9875895937407349
        ],
        [
            1652829147312,
            0.9902871672135413
        ],
        [
            1652832772014,
            0.9898301915593007
        ],
        [
            1652836350148,
            0.9891594349926301
        ],
        [
            1652839944903,
            0.9876991960443684
        ],
        [
            1652843678581,
            0.9929409449610385
        ],
        [
            1652847143077,
            0.9886565392048831
        ],
        [
            1652850950167,
            0.9882934123852555
        ],
        [
            1652854378030,
            0.9890329914080003
        ],
        [
            1652857953560,
            0.9900890311322841
        ],
        [
            1652861545973,
            0.9895574679995357
        ],
        [
            1652865683413,
            0.9901779679432203
        ],
        [
            1652868789181,
            0.9903812848413117
        ],
        [
            1652872472576,
            0.9937226416557596
        ],
        [
            1652875957727,
            0.9944825204818948
        ],
        [
            1652879556800,
            0.9872647458748318
        ],
        [
            1652883150551,
            0.9878375436346939
        ],
        [
            1652886778865,
            0.9873371237156328
        ]
    ],
    "celo-euro": [
        [
            1652803961767,
            1.05308539137694
        ],
        [
            1652807541198,
            1.0546292149327903
        ],
        [
            1652811152596,
            1.0535548597309967
        ],
        [
            1652814761706,
            1.0535218947971972
        ],
        [
            1652818372655,
            1.051733024303882
        ],
        [
            1652821964051,
            1.0543477309024625
        ],
        [
            1652825534041,
            1.0525439829944563
        ],
        [
            1652829141238,
            1.0537484834145328
        ],
        [
            1652832766010,
            1.0535721628270531
        ],
        [
            1652836344614,
            1.0533567030444686
        ],
        [
            1652839938643,
            1.0529441537825588
        ],
        [
            1652843671869,
            1.0535552050194081
        ],
        [
            1652847136873,
            1.0527661130111576
        ],
        [
            1652850940083,
            1.0547664136933317
        ],
        [
            1652854369166,
            1.0535304885811014
        ],
        [
            1652857947368,
            1.0531805599285131
        ],
        [
            1652861540255,
            1.0526943307857572
        ],
        [
            1652865674854,
            1.0516787777820527
        ],
        [
            1652868782173,
            1.0529524908522285
        ],
        [
            1652872466300,
            1.049785381022875
        ],
        [
            1652875952461,
            1.0493380696361019
        ],
        [
            1652879550572,
            1.049280903443573
        ],
        [
            1652883145706,
            1.0493923745676652
        ],
        [
            1652886771627,
            1.048340554525749
        ]
    ],
    "tether-eurt": [
        [
            1652803961767,
            1.05308539137694
        ],
        [
            1652807541198,
            1.0546292149327903
        ],
        [
            1652811152596,
            1.0535548597309967
        ],
        [
            1652814761706,
            1.0535218947971972
        ],
        [
            1652818372655,
            1.051733024303882
        ],
        [
            1652821964051,
            1.0543477309024625
        ],
        [
            1652825534041,
            1.0525439829944563
        ],
        [
            1652829141238,
            1.0537484834145328
        ],
        [
            1652832766010,
            1.0535721628270531
        ],
        [
            1652836344614,
            1.0533567030444686
        ],
        [
            1652839938643,
            1.0529441537825588
        ],
        [
            1652843671869,
            1.0535552050194081
        ],
        [
            1652847136873,
            1.0527661130111576
        ],
        [
            1652850940083,
            1.0547664136933317
        ],
        [
            1652854369166,
            1.0535304885811014
        ],
        [
            1652857947368,
            1.0531805599285131
        ],
        [
            1652861540255,
            1.0526943307857572
        ],
        [
            1652865674854,
            1.0516787777820527
        ],
        [
            1652868782173,
            1.0529524908522285
        ],
        [
            1652872466300,
            1.049785381022875
        ],
        [
            1652875952461,
            1.0493380696361019
        ],
        [
            1652879550572,
            1.049280903443573
        ],
        [
            1652883145706,
            1.0493923745676652
        ],
        [
            1652886771627,
            1.048340554525749
        ]
    ]
}