{
    "celo-dollar": [
        [
            1652634745085,
            0.9875955034265507
        ],
        [
            1652638372791,
            0.9886049265842941
        ],
        [
            1652641961106,
            0.987800703623022
        ],
        [
            1652645608925,
            0.9888336918983051
        ],
        [
            1652649162063,
            0.989788026630419
        ],
        [
            1652652752015,
            0.9885106190463328
        ],
        [
            1652656357113,
            0.9902421187653973
        ],
        [
            1652660000353,
            0.9886133417145639
        ],
        [
            1652663568393,
            0.9875735160898036
        ],
        [
            1652667176385,
            0.9874432255633891
        ],
        [
            1652670760877,
            0.9888738103072148
        ],
        [
            1652674392724,
            0.9875310919072432
        ],
        [
            1652677980908,
            0.9881969350783822
        ],
        [
            1652681577204,
            0.9839650510585662
        ],
        [
            1652685146284,
            0.9872114386356999
        ],
        [
            1652688762566,
            0.986481394741617
        ],
        [
            1652692405736,
            0.9877240670838822
        ],
        [
            1652695989211,
            0.9854399878957624
        ],
        [
            1652699571486,
            0.9898669397473608
        ],
        [
            1652703169111,
            0.9868987452804279
        ],
        [
            1652706784374,
            0.9881009965973119
        ],
        [
            1652710379408,
            0.9909449561642112
        ],
        [
            1652713976800,
            0.989083524674482
        ]
    ],
    "celo-euro": [
        [
            1652634738348,
            1.0437005723303476
        ],
        [
            1652638367091,
            1.0427220531328922
        ],
        [
            1652641954764,
            1.0540058190581754
        ],
        [
            1652645601834,
            1.0421657750357582
        ],
        [
            1652649157669,
            1.0401585896184056
        ],
        [
            1652652746009,
            1.046358734367965
        ],
        [
            1652656351201,
            1.046143527397259
        ],
        [
            1652659995318,
            1.0434981138750015
        ],
        [
            1652663563659,
            1.0444401621262511
        ],
        [
            1652667171453,
            1.0445134945484493
        ],
        [
            1652670755444,
            1.044910949792716
        ],
        [
            1652674386971,
            1.0445984873572136
        ],
        [
            1652677975455,
            1.0443673380499707
        ],
        [
            1652681570295,
            1.0384646191620541
        ],
        [
            1652685140449,
            1.0468262417080707
        ],
        [
            1652688756625,
            1.0465690057478148
        ],
        [
            1652692400794,
            1.0457026464601096
        ],
        [
            1652695981869,
            1.043213094191112
        ],
        [
            1652699566709,
            1.0419012408013533
        ],
        [
            1652703164292,
            1.0393752936224119
        ],
        [
            1652706779628,
            1.0422108929579037
        ],
        [
            1652710372571,
            1.0425420808258867
        ],
        [
            1652713969665,
            1.0413092374349864
        ]
    ],
    "tether-eurt": [
        [
            1652634738348,
            1.0437005723303476
        ],
        [
            1652638367091,
            1.0427220531328922
        ],
        [
            1652641954764,
            1.0540058190581754
        ],
        [
            1652645601834,
            1.0421657750357582
        ],
        [
            1652649157669,
            1.0401585896184056
        ],
        [
            1652652746009,
            1.046358734367965
        ],
        [
            1652656351201,
            1.046143527397259
        ],
        [
            1652659995318,
            1.0434981138750015
        ],
        [
            1652663563659,
            1.0444401621262511
        ],
        [
            1652667171453,
            1.0445134945484493
        ],
        [
            1652670755444,
            1.044910949792716
        ],
        [
            1652674386971,
            1.0445984873572136
        ],
        [
            1652677975455,
            1.0443673380499707
        ],
        [
            1652681570295,
            1.0384646191620541
        ],
        [
            1652685140449,
            1.0468262417080707
        ],
        [
            1652688756625,
            1.0465690057478148
        ],
        [
            1652692400794,
            1.0457026464601096
        ],
        [
            1652695981869,
            1.043213094191112
        ],
        [
            1652699566709,
            1.0419012408013533
        ],
        [
            1652703164292,
            1.0393752936224119
        ],
        [
            1652706779628,
            1.0422108929579037
        ],
        [
            1652710372571,
            1.0425420808258867
        ],
        [
            1652713969665,
            1.0413092374349864
        ]
    ]
}