{
    "celo-dollar": [
        [
            1652374997723,
            0.9987367984437245
        ],
        [
            1652379162802,
            1.0016185263923467
        ],
        [
            1652382757526,
            0.9951560075212968
        ],
        [
            1652386377938,
            0.9987752596214265
        ],
        [
            1652389969331,
            0.9951665869652966
        ],
        [
            1652393558847,
            0.995940817733209
        ],
        [
            1652397158182,
            0.9918385473277769
        ],
        [
            1652400794291,
            1.0001531846473797
        ],
        [
            1652404374523,
            0.9965901521001055
        ],
        [
            1652407963323,
            0.9956854670423925
        ],
        [
            1652411614860,
            1.0018115098274987
        ],
        [
            1652415293135,
            0.9977286979020636
        ],
        [
            1652418799544,
            1.0011766441059191
        ],
        [
            1652422384907,
            0.9986106965475847
        ],
        [
            1652426141078,
            1.001880704989322
        ],
        [
            1652429573366,
            0.9980851976635867
        ],
        [
            1652433262789,
            0.9991023344312515
        ],
        [
            1652436775635,
            0.9982631276846651
        ],
        [
            1652440374794,
            0.9970010444855716
        ],
        [
            1652443983366,
            0.9966980258398156
        ],
        [
            1652447588970,
            0.9928357795996396
        ],
        [
            1652451145615,
            0.9955232186337347
        ],
        [
            1652454788929,
            0.9963195797988705
        ],
        [
            1652458382537,
            0.9942229400864399
        ]
    ],
    "celo-euro": [
        [
            1652374997424,
            1.0410670342909691
        ],
        [
            1652379157525,
            1.0441477493548097
        ],
        [
            1652382751121,
            1.0388355490535117
        ],
        [
            1652386372618,
            1.0396142586490855
        ],
        [
            1652389963090,
            1.0388436561871472
        ],
        [
            1652393553455,
            1.0403977661376138
        ],
        [
            1652397152410,
            1.0465754773390004
        ],
        [
            1652400788180,
            1.038694139907455
        ],
        [
            1652404366835,
            1.0461827914696162
        ],
        [
            1652407956096,
            1.0405839680298916
        ],
        [
            1652411608116,
            1.0563786633301435
        ],
        [
            1652415286496,
            1.0385739429902068
        ],
        [
            1652418794109,
            1.0420665832782736
        ],
        [
            1652422377138,
            1.045768021229251
        ],
        [
            1652426131367,
            1.0426622277454038
        ],
        [
            1652429567776,
            1.045743481026586
        ],
        [
            1652433258114,
            1.0446439717964784
        ],
        [
            1652436769708,
            1.0384813891582254
        ],
        [
            1652440368543,
            1.0443607282576646
        ],
        [
            1652443978589,
            1.0387544314222144
        ],
        [
            1652447583521,
            1.0370390481271219
        ],
        [
            1652451139933,
            1.0391322698946135
        ],
        [
            1652454782531,
            1.0402837736649142
        ],
        [
            1652458377733,
            1.0435676766205384
        ]
    ],
    "tether-eurt": [
        [
            1652374997424,
            1.0410670342909691
        ],
        [
            1652379157525,
            1.0441477493548097
        ],
        [
            1652382751121,
            1.0388355490535117
        ],
        [
            1652386372618,
            1.0396142586490855
        ],
        [
            1652389963090,
            1.0388436561871472
        ],
        [
            1652393553455,
            1.0403977661376138
        ],
        [
            1652397152410,
            1.0465754773390004
        ],
        [
            1652400788180,
            1.038694139907455
        ],
        [
            1652404366835,
            1.0461827914696162
        ],
        [
            1652407956096,
            1.0405839680298916
        ],
        [
            1652411608116,
            1.0563786633301435
        ],
        [
            1652415286496,
            1.0385739429902068
        ],
        [
            1652418794109,
            1.0420665832782736
        ],
        [
            1652422377138,
            1.045768021229251
        ],
        [
            1652426131367,
            1.0426622277454038
        ],
        [
            1652429567776,
            1.045743481026586
        ],
        [
            1652433258114,
            1.0446439717964784
        ],
        [
            1652436769708,
            1.0384813891582254
        ],
        [
            1652440368543,
            1.0443607282576646
        ],
        [
            1652443978589,
            1.0387544314222144
        ],
        [
            1652447583521,
            1.0370390481271219
        ],
        [
            1652451139933,
            1.0391322698946135
        ],
        [
            1652454782531,
            1.0402837736649142
        ],
        [
            1652458377733,
            1.0435676766205384
        ]
    ]
}