{
    "celo-dollar": [
        [
            1652548343556,
            0.9846996892492327
        ],
        [
            1652551979127,
            0.9863969508341689
        ],
        [
            1652555565985,
            0.9914770815959133
        ],
        [
            1652559204050,
            0.9905912829997179
        ],
        [
            1652562782119,
            0.9879868263647976
        ],
        [
            1652566363184,
            0.991786437149071
        ],
        [
            1652569952672,
            0.9924718618764492
        ],
        [
            1652573575740,
            0.9922634709773506
        ],
        [
            1652577159562,
            0.9916050579720445
        ],
        [
            1652580740534,
            0.9918197827191823
        ],
        [
            1652584352490,
            0.9890281912775243
        ],
        [
            1652587945972,
            0.9890842637208886
        ],
        [
            1652591570186,
            0.9879338544710508
        ],
        [
            1652595169576,
            0.9912178338832242
        ],
        [
            1652598750737,
            0.9917604927809499
        ],
        [
            1652602366093,
            0.9899475369072297
        ],
        [
            1652606004615,
            0.9898937809737588
        ],
        [
            1652609576193,
            0.9896354969166362
        ],
        [
            1652613158681,
            0.989065648824355
        ],
        [
            1652616781894,
            0.9896557393119085
        ],
        [
            1652620350362,
            0.9882304794767314
        ],
        [
            1652623949732,
            0.9889350508860222
        ],
        [
            1652627580690,
            0.990570264965469
        ],
        [
            1652631155511,
            0.9889734026864078
        ]
    ],
    "celo-euro": [
        [
            1652548336951,
            1.04227605773337
        ],
        [
            1652551973335,
            1.0456890101666307
        ],
        [
            1652555560186,
            1.0386783084965197
        ],
        [
            1652559198214,
            1.0397542309783716
        ],
        [
            1652562776000,
            1.0379463399424493
        ],
        [
            1652566358905,
            1.0409158467852575
        ],
        [
            1652569947521,
            1.0440061296081138
        ],
        [
            1652573570233,
            1.0426834687725268
        ],
        [
            1652577154129,
            1.0467717123848914
        ],
        [
            1652580734241,
            1.040041504764618
        ],
        [
            1652584344614,
            1.0382293658124548
        ],
        [
            1652587940903,
            1.047371419117574
        ],
        [
            1652591562945,
            1.0370991104821583
        ],
        [
            1652595162812,
            1.0413158436728895
        ],
        [
            1652598744418,
            1.0447329922325264
        ],
        [
            1652602359376,
            1.046363513611021
        ],
        [
            1652606000064,
            1.0407740445541511
        ],
        [
            1652609570333,
            1.047296192620289
        ],
        [
            1652613151639,
            1.040637295507723
        ],
        [
            1652616776145,
            1.0435870944189167
        ],
        [
            1652620343187,
            1.0413628273855364
        ],
        [
            1652623946014,
            1.0422305011661233
        ],
        [
            1652627575073,
            1.0431939420027327
        ],
        [
            1652631150457,
            1.0414183804535908
        ]
    ],
    "tether-eurt": [
        [
            1652548336951,
            1.04227605773337
        ],
        [
            1652551973335,
            1.0456890101666307
        ],
        [
            1652555560186,
            1.0386783084965197
        ],
        [
            1652559198214,
            1.0397542309783716
        ],
        [
            1652562776000,
            1.0379463399424493
        ],
        [
            1652566358905,
            1.0409158467852575
        ],
        [
            1652569947521,
            1.0440061296081138
        ],
        [
            1652573570233,
            1.0426834687725268
        ],
        [
            1652577154129,
            1.0467717123848914
        ],
        [
            1652580734241,
            1.040041504764618
        ],
        [
            1652584344614,
            1.0382293658124548
        ],
        [
            1652587940903,
            1.047371419117574
        ],
        [
            1652591562945,
            1.0370991104821583
        ],
        [
            1652595162812,
            1.0413158436728895
        ],
        [
            1652598744418,
            1.0447329922325264
        ],
        [
            1652602359376,
            1.046363513611021
        ],
        [
            1652606000064,
            1.0407740445541511
        ],
        [
            1652609570333,
            1.047296192620289
        ],
        [
            1652613151639,
            1.040637295507723
        ],
        [
            1652616776145,
            1.0435870944189167
        ],
        [
            1652620343187,
            1.0413628273855364
        ],
        [
            1652623946014,
            1.0422305011661233
        ],
        [
            1652627575073,
            1.0431939420027327
        ],
        [
            1652631150457,
            1.0414183804535908
        ]
    ]
}